sample_id,predicted_label
test1_nyt_mj__000000,real
test1_nyt_mj__000001,real
test1_nyt_mj__000002,real
test1_nyt_mj__000003,real
test1_nyt_mj__000004,real
test1_nyt_mj__000005,real
test1_nyt_mj__000006,real
test1_nyt_mj__000007,real
test1_nyt_mj__000008,real
test1_nyt_mj__000009,real
test1_nyt_mj__000010,real
test1_nyt_mj__000011,real
test1_nyt_mj__000012,real
test1_nyt_mj__000013,real
test1_nyt_mj__000014,real
test1_nyt_mj__000015,real
test1_nyt_mj__000016,real
test1_nyt_mj__000017,real
test1_nyt_mj__000018,real
test1_nyt_mj__000019,real
test1_nyt_mj__000020,real
test1_nyt_mj__000021,real
test1_nyt_mj__000022,real
test1_nyt_mj__000023,real
test1_nyt_mj__000024,real
test1_nyt_mj__000025,real
test1_nyt_mj__000026,real
test1_nyt_mj__000027,real
test1_nyt_mj__000028,real
test1_nyt_mj__000029,real
test1_nyt_mj__000030,real
test1_nyt_mj__000031,real
test1_nyt_mj__000032,real
test1_nyt_mj__000033,real
test1_nyt_mj__000034,real
test1_nyt_mj__000035,real
test1_nyt_mj__000036,real
test1_nyt_mj__000037,real
test1_nyt_mj__000038,real
test1_nyt_mj__000039,real
test1_nyt_mj__000040,real
test1_nyt_mj__000041,real
test1_nyt_mj__000042,real
test1_nyt_mj__000043,real
test1_nyt_mj__000044,real
test1_nyt_mj__000045,real
test1_nyt_mj__000046,real
test1_nyt_mj__000047,real
test1_nyt_mj__000048,real
test1_nyt_mj__000049,real
test1_nyt_mj__000050,real
test1_nyt_mj__000051,real
test1_nyt_mj__000052,real
test1_nyt_mj__000053,real
test1_nyt_mj__000054,real
test1_nyt_mj__000055,real
test1_nyt_mj__000056,real
test1_nyt_mj__000057,real
test1_nyt_mj__000058,real
test1_nyt_mj__000059,real
test1_nyt_mj__000060,real
test1_nyt_mj__000061,real
test1_nyt_mj__000062,real
test1_nyt_mj__000063,real
test1_nyt_mj__000064,real
test1_nyt_mj__000065,real
test1_nyt_mj__000066,real
test1_nyt_mj__000067,real
test1_nyt_mj__000068,real
test1_nyt_mj__000069,real
test1_nyt_mj__000070,real
test1_nyt_mj__000071,real
test1_nyt_mj__000072,real
test1_nyt_mj__000073,real
test1_nyt_mj__000074,real
test1_nyt_mj__000075,real
test1_nyt_mj__000076,real
test1_nyt_mj__000077,real
test1_nyt_mj__000078,real
test1_nyt_mj__000079,real
test1_nyt_mj__000080,real
test1_nyt_mj__000081,real
test1_nyt_mj__000082,real
test1_nyt_mj__000083,real
test1_nyt_mj__000084,real
test1_nyt_mj__000085,real
test1_nyt_mj__000086,real
test1_nyt_mj__000087,real
test1_nyt_mj__000088,real
test1_nyt_mj__000089,real
test1_nyt_mj__000090,real
test1_nyt_mj__000091,real
test1_nyt_mj__000092,real
test1_nyt_mj__000093,real
test1_nyt_mj__000094,real
test1_nyt_mj__000095,real
test1_nyt_mj__000096,real
test1_nyt_mj__000097,real
test1_nyt_mj__000098,real
test1_nyt_mj__000099,real
test1_nyt_mj__000100,real
test1_nyt_mj__000101,real
test1_nyt_mj__000102,real
test1_nyt_mj__000103,real
test1_nyt_mj__000104,real
test1_nyt_mj__000105,real
test1_nyt_mj__000106,real
test1_nyt_mj__000107,real
test1_nyt_mj__000108,real
test1_nyt_mj__000109,real
test1_nyt_mj__000110,real
test1_nyt_mj__000111,real
test1_nyt_mj__000112,real
test1_nyt_mj__000113,real
test1_nyt_mj__000114,real
test1_nyt_mj__000115,real
test1_nyt_mj__000116,real
test1_nyt_mj__000117,real
test1_nyt_mj__000118,real
test1_nyt_mj__000119,real
test1_nyt_mj__000120,real
test1_nyt_mj__000121,real
test1_nyt_mj__000122,real
test1_nyt_mj__000123,real
test1_nyt_mj__000124,real
test1_nyt_mj__000125,real
test1_nyt_mj__000126,real
test1_nyt_mj__000127,real
test1_nyt_mj__000128,real
test1_nyt_mj__000129,real
test1_nyt_mj__000130,real
test1_nyt_mj__000131,real
test1_nyt_mj__000132,real
test1_nyt_mj__000133,real
test1_nyt_mj__000134,real
test1_nyt_mj__000135,real
test1_nyt_mj__000136,real
test1_nyt_mj__000137,real
test1_nyt_mj__000138,real
test1_nyt_mj__000139,real
test1_nyt_mj__000140,real
test1_nyt_mj__000141,real
test1_nyt_mj__000142,real
test1_nyt_mj__000143,real
test1_nyt_mj__000144,real
test1_nyt_mj__000145,real
test1_nyt_mj__000146,real
test1_nyt_mj__000147,real
test1_nyt_mj__000148,real
test1_nyt_mj__000149,real
test1_nyt_mj__000150,real
test1_nyt_mj__000151,real
test1_nyt_mj__000152,real
test1_nyt_mj__000153,real
test1_nyt_mj__000154,real
test1_nyt_mj__000155,real
test1_nyt_mj__000156,real
test1_nyt_mj__000157,real
test1_nyt_mj__000158,real
test1_nyt_mj__000159,real
test1_nyt_mj__000160,real
test1_nyt_mj__000161,real
test1_nyt_mj__000162,real
test1_nyt_mj__000163,real
test1_nyt_mj__000164,real
test1_nyt_mj__000165,real
test1_nyt_mj__000166,real
test1_nyt_mj__000167,real
test1_nyt_mj__000168,real
test1_nyt_mj__000169,real
test1_nyt_mj__000170,real
test1_nyt_mj__000171,real
test1_nyt_mj__000172,real
test1_nyt_mj__000173,real
test1_nyt_mj__000174,real
test1_nyt_mj__000175,real
test1_nyt_mj__000176,real
test1_nyt_mj__000177,real
test1_nyt_mj__000178,real
test1_nyt_mj__000179,real
test1_nyt_mj__000180,real
test1_nyt_mj__000181,real
test1_nyt_mj__000182,real
test1_nyt_mj__000183,real
test1_nyt_mj__000184,real
test1_nyt_mj__000185,real
test1_nyt_mj__000186,real
test1_nyt_mj__000187,real
test1_nyt_mj__000188,real
test1_nyt_mj__000189,real
test1_nyt_mj__000190,real
test1_nyt_mj__000191,real
test1_nyt_mj__000192,real
test1_nyt_mj__000193,real
test1_nyt_mj__000194,real
test1_nyt_mj__000195,real
test1_nyt_mj__000196,real
test1_nyt_mj__000197,real
test1_nyt_mj__000198,real
test1_nyt_mj__000199,real
test1_nyt_mj__000200,real
test1_nyt_mj__000201,real
test1_nyt_mj__000202,real
test1_nyt_mj__000203,real
test1_nyt_mj__000204,real
test1_nyt_mj__000205,real
test1_nyt_mj__000206,real
test1_nyt_mj__000207,real
test1_nyt_mj__000208,real
test1_nyt_mj__000209,real
test1_nyt_mj__000210,real
test1_nyt_mj__000211,real
test1_nyt_mj__000212,real
test1_nyt_mj__000213,real
test1_nyt_mj__000214,real
test1_nyt_mj__000215,real
test1_nyt_mj__000216,real
test1_nyt_mj__000217,real
test1_nyt_mj__000218,real
test1_nyt_mj__000219,real
test1_nyt_mj__000220,real
test1_nyt_mj__000221,real
test1_nyt_mj__000222,real
test1_nyt_mj__000223,real
test1_nyt_mj__000224,real
test1_nyt_mj__000225,real
test1_nyt_mj__000226,real
test1_nyt_mj__000227,real
test1_nyt_mj__000228,real
test1_nyt_mj__000229,real
test1_nyt_mj__000230,real
test1_nyt_mj__000231,real
test1_nyt_mj__000232,real
test1_nyt_mj__000233,real
test1_nyt_mj__000234,real
test1_nyt_mj__000235,real
test1_nyt_mj__000236,real
test1_nyt_mj__000237,real
test1_nyt_mj__000238,real
test1_nyt_mj__000239,real
test1_nyt_mj__000240,real
test1_nyt_mj__000241,real
test1_nyt_mj__000242,real
test1_nyt_mj__000243,real
test1_nyt_mj__000244,real
test1_nyt_mj__000245,real
test1_nyt_mj__000246,real
test1_nyt_mj__000247,real
test1_nyt_mj__000248,real
test1_nyt_mj__000249,real
test1_nyt_mj__000250,real
test1_nyt_mj__000251,real
test1_nyt_mj__000252,real
test1_nyt_mj__000253,real
test1_nyt_mj__000254,real
test1_nyt_mj__000255,real
test1_nyt_mj__000256,real
test1_nyt_mj__000257,real
test1_nyt_mj__000258,real
test1_nyt_mj__000259,real
test1_nyt_mj__000260,real
test1_nyt_mj__000261,real
test1_nyt_mj__000262,real
test1_nyt_mj__000263,real
test1_nyt_mj__000264,real
test1_nyt_mj__000265,real
test1_nyt_mj__000266,real
test1_nyt_mj__000267,real
test1_nyt_mj__000268,real
test1_nyt_mj__000269,real
test1_nyt_mj__000270,real
test1_nyt_mj__000271,real
test1_nyt_mj__000272,real
test1_nyt_mj__000273,real
test1_nyt_mj__000274,real
test1_nyt_mj__000275,real
test1_nyt_mj__000276,real
test1_nyt_mj__000277,real
test1_nyt_mj__000278,real
test1_nyt_mj__000279,real
test1_nyt_mj__000280,real
test1_nyt_mj__000281,real
test1_nyt_mj__000282,real
test1_nyt_mj__000283,real
test1_nyt_mj__000284,real
test1_nyt_mj__000285,real
test1_nyt_mj__000286,real
test1_nyt_mj__000287,real
test1_nyt_mj__000288,real
test1_nyt_mj__000289,real
test1_nyt_mj__000290,real
test1_nyt_mj__000291,real
test1_nyt_mj__000292,real
test1_nyt_mj__000293,real
test1_nyt_mj__000294,real
test1_nyt_mj__000295,real
test1_nyt_mj__000296,real
test1_nyt_mj__000297,real
test1_nyt_mj__000298,real
test1_nyt_mj__000299,real
test1_nyt_mj__000300,real
test1_nyt_mj__000301,real
test1_nyt_mj__000302,real
test1_nyt_mj__000303,real
test1_nyt_mj__000304,real
test1_nyt_mj__000305,real
test1_nyt_mj__000306,real
test1_nyt_mj__000307,real
test1_nyt_mj__000308,real
test1_nyt_mj__000309,real
test1_nyt_mj__000310,real
test1_nyt_mj__000311,real
test1_nyt_mj__000312,real
test1_nyt_mj__000313,real
test1_nyt_mj__000314,real
test1_nyt_mj__000315,real
test1_nyt_mj__000316,real
test1_nyt_mj__000317,real
test1_nyt_mj__000318,real
test1_nyt_mj__000319,real
test1_nyt_mj__000320,real
test1_nyt_mj__000321,real
test1_nyt_mj__000322,real
test1_nyt_mj__000323,real
test1_nyt_mj__000324,real
test1_nyt_mj__000325,real
test1_nyt_mj__000326,real
test1_nyt_mj__000327,real
test1_nyt_mj__000328,real
test1_nyt_mj__000329,real
test1_nyt_mj__000330,real
test1_nyt_mj__000331,real
test1_nyt_mj__000332,real
test1_nyt_mj__000333,real
test1_nyt_mj__000334,real
test1_nyt_mj__000335,real
test1_nyt_mj__000336,real
test1_nyt_mj__000337,real
test1_nyt_mj__000338,real
test1_nyt_mj__000339,real
test1_nyt_mj__000340,real
test1_nyt_mj__000341,real
test1_nyt_mj__000342,real
test1_nyt_mj__000343,real
test1_nyt_mj__000344,real
test1_nyt_mj__000345,real
test1_nyt_mj__000346,real
test1_nyt_mj__000347,real
test1_nyt_mj__000348,real
test1_nyt_mj__000349,real
test1_nyt_mj__000350,real
test1_nyt_mj__000351,real
test1_nyt_mj__000352,real
test1_nyt_mj__000353,real
test1_nyt_mj__000354,real
test1_nyt_mj__000355,real
test1_nyt_mj__000356,real
test1_nyt_mj__000357,real
test1_nyt_mj__000358,real
test1_nyt_mj__000359,real
test1_nyt_mj__000360,real
test1_nyt_mj__000361,real
test1_nyt_mj__000362,real
test1_nyt_mj__000363,real
test1_nyt_mj__000364,real
test1_nyt_mj__000365,real
test1_nyt_mj__000366,real
test1_nyt_mj__000367,real
test1_nyt_mj__000368,real
test1_nyt_mj__000369,real
test1_nyt_mj__000370,real
test1_nyt_mj__000371,real
test1_nyt_mj__000372,real
test1_nyt_mj__000373,real
test1_nyt_mj__000374,real
test1_nyt_mj__000375,real
test1_nyt_mj__000376,real
test1_nyt_mj__000377,real
test1_nyt_mj__000378,real
test1_nyt_mj__000379,real
test1_nyt_mj__000380,real
test1_nyt_mj__000381,real
test1_nyt_mj__000382,real
test1_nyt_mj__000383,real
test1_nyt_mj__000384,real
test1_nyt_mj__000385,real
test1_nyt_mj__000386,real
test1_nyt_mj__000387,real
test1_nyt_mj__000388,real
test1_nyt_mj__000389,real
test1_nyt_mj__000390,real
test1_nyt_mj__000391,real
test1_nyt_mj__000392,real
test1_nyt_mj__000393,real
test1_nyt_mj__000394,real
test1_nyt_mj__000395,real
test1_nyt_mj__000396,real
test1_nyt_mj__000397,real
test1_nyt_mj__000398,real
test1_nyt_mj__000399,real
test1_nyt_mj__000400,real
test1_nyt_mj__000401,real
test1_nyt_mj__000402,real
test1_nyt_mj__000403,real
test1_nyt_mj__000404,real
test1_nyt_mj__000405,real
test1_nyt_mj__000406,real
test1_nyt_mj__000407,real
test1_nyt_mj__000408,real
test1_nyt_mj__000409,real
test1_nyt_mj__000410,real
test1_nyt_mj__000411,real
test1_nyt_mj__000412,real
test1_nyt_mj__000413,real
test1_nyt_mj__000414,real
test1_nyt_mj__000415,real
test1_nyt_mj__000416,real
test1_nyt_mj__000417,real
test1_nyt_mj__000418,real
test1_nyt_mj__000419,real
test1_nyt_mj__000420,real
test1_nyt_mj__000421,real
test1_nyt_mj__000422,real
test1_nyt_mj__000423,real
test1_nyt_mj__000424,real
test1_nyt_mj__000425,real
test1_nyt_mj__000426,real
test1_nyt_mj__000427,real
test1_nyt_mj__000428,real
test1_nyt_mj__000429,real
test1_nyt_mj__000430,real
test1_nyt_mj__000431,real
test1_nyt_mj__000432,real
test1_nyt_mj__000433,real
test1_nyt_mj__000434,real
test1_nyt_mj__000435,real
test1_nyt_mj__000436,real
test1_nyt_mj__000437,real
test1_nyt_mj__000438,real
test1_nyt_mj__000439,real
test1_nyt_mj__000440,real
test1_nyt_mj__000441,real
test1_nyt_mj__000442,real
test1_nyt_mj__000443,real
test1_nyt_mj__000444,real
test1_nyt_mj__000445,real
test1_nyt_mj__000446,real
test1_nyt_mj__000447,real
test1_nyt_mj__000448,real
test1_nyt_mj__000449,real
test1_nyt_mj__000450,real
test1_nyt_mj__000451,real
test1_nyt_mj__000452,real
test1_nyt_mj__000453,real
test1_nyt_mj__000454,real
test1_nyt_mj__000455,real
test1_nyt_mj__000456,real
test1_nyt_mj__000457,real
test1_nyt_mj__000458,real
test1_nyt_mj__000459,real
test1_nyt_mj__000460,real
test1_nyt_mj__000461,real
test1_nyt_mj__000462,real
test1_nyt_mj__000463,real
test1_nyt_mj__000464,real
test1_nyt_mj__000465,real
test1_nyt_mj__000466,real
test1_nyt_mj__000467,real
test1_nyt_mj__000468,real
test1_nyt_mj__000469,real
test1_nyt_mj__000470,real
test1_nyt_mj__000471,real
test1_nyt_mj__000472,real
test1_nyt_mj__000473,real
test1_nyt_mj__000474,real
test1_nyt_mj__000475,real
test1_nyt_mj__000476,real
test1_nyt_mj__000477,real
test1_nyt_mj__000478,real
test1_nyt_mj__000479,real
test1_nyt_mj__000480,real
test1_nyt_mj__000481,real
test1_nyt_mj__000482,real
test1_nyt_mj__000483,real
test1_nyt_mj__000484,real
test1_nyt_mj__000485,real
test1_nyt_mj__000486,real
test1_nyt_mj__000487,real
test1_nyt_mj__000488,real
test1_nyt_mj__000489,real
test1_nyt_mj__000490,real
test1_nyt_mj__000491,real
test1_nyt_mj__000492,real
test1_nyt_mj__000493,real
test1_nyt_mj__000494,real
test1_nyt_mj__000495,real
test1_nyt_mj__000496,real
test1_nyt_mj__000497,real
test1_nyt_mj__000498,real
test1_nyt_mj__000499,real
